video_id,status,message
video01,valid_existing,ok
video02,valid_existing,ok
video03,valid_existing,ok
video04,valid_existing,ok
video05,valid_existing,ok
video06,valid_existing,ok
video07,valid_existing,ok
video08,valid_existing,ok
video09,valid_existing,ok
video10,valid_existing,ok
video11,valid_existing,ok
video12,valid_existing,ok
video13,valid_existing,ok
video14,valid_existing,ok
video15,valid_existing,ok
video16,valid_existing,ok
video17,valid_existing,ok
video18,valid_existing,ok
video19,valid_existing,ok
video20,valid_existing,ok
video21,valid_existing,ok
video22,valid_existing,ok
video23,valid_existing,ok
video24,valid_existing,ok
video25,valid_existing,ok
video26,valid_existing,ok
video27,valid_existing,ok
video28,valid_existing,ok
video29,valid_existing,ok
video30,valid_existing,ok
video31,valid_existing,ok
video32,valid_existing,ok
video33,valid_existing,ok
video34,valid_existing,ok
video35,valid_existing,ok
video36,valid_existing,ok
video37,valid_existing,ok
video38,valid_existing,ok
video39,valid_existing,ok
video40,valid_existing,ok
video41,valid_existing,ok
video42,valid_existing,ok
video43,valid_existing,ok
video44,valid_existing,ok
video45,valid_existing,ok
video46,valid_existing,ok
video47,valid_existing,ok
video48,valid_existing,ok
video49,valid_existing,ok
video50,valid_existing,ok
video51,valid_existing,ok
video52,valid_existing,ok
video53,valid_existing,ok
video54,valid_existing,ok
video55,valid_existing,ok
video56,valid_existing,ok
video57,valid_existing,ok
video58,valid_existing,ok
video59,valid_existing,ok
video60,valid_existing,ok
video61,valid_existing,ok
video62,valid_existing,ok
video63,valid_existing,ok
video64,valid_existing,ok
video65,valid_existing,ok
video66,valid_existing,ok
video67,valid_existing,ok
video68,valid_existing,ok
video69,valid_existing,ok
video70,valid_existing,ok
video71,valid_existing,ok
video72,valid_existing,ok
video73,valid_existing,ok
video74,valid_existing,ok
video75,valid_existing,ok
video76,valid_existing,ok
video77,valid_existing,ok
video78,valid_existing,ok
video79,valid_existing,ok
video80,valid_existing,ok
